pdb,averaged_rmsd
4-5tlk_B_A_X,0.2092349893222669
7-5w9h_H_I_G,0.3524464615441181
10-7bwj_H_L_E,0.1890089010989079
18-5tlk_D_C_X,0.09699304378929104
17-7che_A_B_R,0.11688046633977578
8-5tlj_B_A_X,0.3290041025738391
13-8ds5_C_B_A,0.06860051760948262
5-5tlj_D_C_X,0.06650150873869258
12-5w9h_B_C_A,0.10990037181934811
2-7chf_H_L_R,0.038997228145831404
11-7d6i_B_C_A,0.1095856932059512
1-7chf_A_B_R,0.07161435037079428
0-5xku_C_B_A,0.12503771517010476
16-5tlk_H_G_Y,0.07029080476862051
6-5tlk_F_E_Y,0.40154661915732903
15-5w9h_E_F_D,0.11006481773971316
9-5tl5_H_L_A,0.1438918496995753
3-7che_H_L_R,0.05823977700426895
14-7chb_H_L_R,0.09729154236056077
